ObjectID,GlobalID,recorded_date,start_at,end_at,temp_f,cloudcover,precipitation,vis_min_miles,vis_max_miles,windspeed_code,wind_direction,dayleader,observer_num,crew_day,crew_week,crew_names,count_repeat,visitor_num,minutes_obs,survey_comments,species_list,note1,CreationDate,Creator,EditDate,Editor,x,y
269,c71367e1-c5d8-414c-80d0-0eabef7d9e13,8/15/2025 19:00,10,11,66.2,<15,Haze,3.5,32.2,7-Mar,W,"NY,HT",8,Friday,1,,18,0,60,,"10:32:1 OSPR, 10:36:1 OSPR, ",,8/15/2025 22:34,rfielding@ParksConservancy.org_parksconservancy,8/15/2025 22:34,rfielding@ParksConservancy.org_parksconservancy,-122.4988417,37.82851833
270,a26de9be-c576-492b-8512-6a490d63b264,8/15/2025 19:00,11,12,61.3,<15,Haze,4.2,32.2,7-Mar,W,"NY,HT",9,Friday,1,John Davis,14,0,60,,"11:59:1 AMKE, ",,8/15/2025 22:34,rfielding@ParksConservancy.org_parksconservancy,8/15/2025 22:34,rfielding@ParksConservancy.org_parksconservancy,-122.4988317,37.82849833
271,b0ff94c5-c693-472f-9599-763cd3175d56,8/15/2025 19:00,12,13,63.2,<15,Haze,4.2,32.2,7-Mar,W,"HT,NY",9,Friday,1,John davis,23,,60,,"12:28:2 AMKE, 12:37:1 AMKE, 12:40:1 AMKE, 12:50:1 AMKE, 12:51:1 AMKE, 12:54:1 AMKE, ",,8/15/2025 22:34,rfielding@ParksConservancy.org_parksconservancy,8/15/2025 22:34,rfielding@ParksConservancy.org_parksconservancy,-122.4988317,37.82849833
272,6392184a-61e3-4824-8df5-c5ba8abdbe68,8/15/2025 19:00,13,14,64.3,76-100,Fog,0,0.5,13-17,W,"HT,NY",9,Friday,1,John davis,11,,60,,"13:15:1 AMKE, 13:15:1 AMKE, 13:45:1 AMKE, 14:15:1 AMKE, 14:15:1 AMKE, ",,8/15/2025 22:34,rfielding@ParksConservancy.org_parksconservancy,8/15/2025 22:34,rfielding@ParksConservancy.org_parksconservancy,-122.4987767,37.82853667
273,4d612aab-0ae3-4860-882e-6d8660f3602a,8/15/2025 19:00,14,15,69.5,76-100,Fog,0,4.2,7-Mar,W,"HT,NY",7,Friday,1,,3,,60,,,,8/15/2025 22:34,rfielding@ParksConservancy.org_parksconservancy,8/15/2025 22:34,rfielding@ParksConservancy.org_parksconservancy,-122.49887,37.82852667
274,043bf2d4-a234-420b-b936-ebb86cc67c38,8/19/2025 19:00,10,11,66,76-100,Fog,0.1,32,7-Mar,W,WW,6,Tuesday,2,,5,0,15,,,,8/19/2025 18:03,rfielding@ParksConservancy.org_parksconservancy,8/19/2025 18:03,rfielding@ParksConservancy.org_parksconservancy,-122.4989233,37.82848
275,ed524e07-658a-4a87-adbf-791b1f1950a4,8/19/2025 19:00,11,12,64,76-100,Fog,0.1,32,3-Jan,W,WW,6,Tuesday,2,,21,0,60,,"11:30:1 NOHA, ",,8/19/2025 19:00,rfielding@ParksConservancy.org_parksconservancy,8/19/2025 19:00,rfielding@ParksConservancy.org_parksconservancy,-122.4783899,37.8168967
276,f7ba72a3-4cc3-4247-99fb-6d4e5ba9c3ec,8/19/2025 19:00,12,13,62,76-100,,0.1,32,12-Aug,W,WW,7,Tuesday,2,JDAVIS,25,0,60,,"12:06:1 OSPR, 12:12:1 RSHA, 12:25:1 RSHA, 12:49:1 NOHA, 12:49:1 AMKE, 12:58:1 AMKE, ",,8/19/2025 20:01,rfielding@ParksConservancy.org_parksconservancy,8/19/2025 20:01,rfielding@ParksConservancy.org_parksconservancy,-122.498805,37.82855
277,999177e8-a059-41b2-8e30-f89cc1902f2f,8/19/2025 19:00,13,14,65,51-75,Fog,0.1,32,12-Aug,W,WW,7,Tuesday,2,John Davis,15,0,60,,,,8/19/2025 21:01,rfielding@ParksConservancy.org_parksconservancy,8/19/2025 21:01,rfielding@ParksConservancy.org_parksconservancy,-122.4987817,37.82851
278,da4d9b02-46ee-4277-9eab-403b7a31af9a,8/19/2025 19:00,14,15,65,<15,Haze,10,32,13-17,W,WW,6,Tuesday,2,,12,4,60,,"14:36:1 NOHA, 14:58:1 AMKE, ",,8/19/2025 22:00,rfielding@ParksConservancy.org_parksconservancy,8/19/2025 22:00,rfielding@ParksConservancy.org_parksconservancy,-122.4988317,37.82850667
279,7518e3e4-03ff-47cf-b544-98750c601591,8/20/2025 19:00,10,11,71,<15,"Fog,Haze",0.1,32,7-Mar,SE,"DB,JD",7,Wednesday,2,,12,,45,,"10:12:1 AMKE, ",,8/20/2025 18:17,rfielding@ParksConservancy.org_parksconservancy,8/20/2025 18:17,rfielding@ParksConservancy.org_parksconservancy,-122.4988817,37.82848667
280,cbe8d610-397d-47c6-912b-8884599a4d12,8/20/2025 19:00,11,12,71,<15,"Fog,Haze",0.1,32,7-Mar,SE,"JD,DB",7,Wednesday,2,,10,3,60,,,,8/20/2025 19:00,rfielding@ParksConservancy.org_parksconservancy,8/20/2025 19:00,rfielding@ParksConservancy.org_parksconservancy,-122.4988267,37.82848333
281,b1f5c0a4-812d-4773-aa5f-427a793ab2ec,8/20/2025 19:00,12,13,70,<15,"Fog,Haze",0.1,32,7-Mar,SE,"DB,JD",7,Wednesday,2,,19,2,60,,"12:47:1 AMKE, 12:51:1 NOHA, ",,8/20/2025 20:00,rfielding@ParksConservancy.org_parksconservancy,8/20/2025 20:00,rfielding@ParksConservancy.org_parksconservancy,-122.498745,37.82854
282,7fd993d1-8e24-47ff-9884-ae6cc03c64da,8/20/2025 19:00,13,14,69,<15,"Fog,Haze",0.1,32,13-17,W,"JD,DB",7,Wednesday,2,,27,10,60,,"13:27:1 AMKE, 14:01:1 AMKE, 13:44:1 AMKE, ",,8/20/2025 21:01,rfielding@ParksConservancy.org_parksconservancy,8/20/2025 21:01,rfielding@ParksConservancy.org_parksconservancy,-122.49877,37.828495
283,f533ca1b-f7ca-4a56-bcb3-681898356a6e,8/20/2025 19:00,14,15,72,<15,Fog,5,32,13-17,W,"DB,JD",7,Wednesday,2,,33,,60,,"14:34:1 PEFA, 14:37:1 AMKE, 14:37:1 AMKE, 14:59:1 AMKE, 14:59:1 NOHA, ",,8/20/2025 22:00,rfielding@ParksConservancy.org_parksconservancy,8/20/2025 22:00,rfielding@ParksConservancy.org_parksconservancy,-122.4988167,37.828515
284,b639d083-4d78-4960-a8ef-066e61239740,8/21/2025 19:00,10,11,76,<15,Haze,10,32,7-Mar,W,"GZ,CE",8,Thursday,2,,1,,15,,,,8/21/2025 18:02,rfielding@ParksConservancy.org_parksconservancy,8/21/2025 18:02,rfielding@ParksConservancy.org_parksconservancy,-122.4988867,37.82848167
285,53c8fd0e-af1d-4225-abe8-a72f26a75972,8/21/2025 19:00,11,12,73,<15,,8,32,7-Mar,W,"GZ,CE",8,Tuesday,2,,19,,60,,"11:16:1 OSPR, 11:49:1 RSHA, ",,8/21/2025 19:04,rfielding@ParksConservancy.org_parksconservancy,8/21/2025 19:04,rfielding@ParksConservancy.org_parksconservancy,-122.4988183,37.828495
286,41c38477-e714-4f62-ba1d-a197c5c08ac4,8/21/2025 19:00,12,13,71,<15,,8,32,12-Aug,W,"GZ,CE",,Thursday,2,,22,,60,,"12:07:1 RSHA, 12:59:1 NOHA, ",,8/21/2025 20:02,rfielding@ParksConservancy.org_parksconservancy,8/21/2025 20:02,rfielding@ParksConservancy.org_parksconservancy,-122.4988517,37.82846333
287,2740ef88-544a-4b52-923c-efafe62070a1,8/21/2025 19:00,13,14,73,<15,,8,32,12-Aug,W,"GZ,CE",8,Thursday,2,,10,,60,,,,8/21/2025 21:02,rfielding@ParksConservancy.org_parksconservancy,8/21/2025 21:02,rfielding@ParksConservancy.org_parksconservancy,-122.4987933,37.82850667
288,c740090b-a55f-4f51-9c11-a1c967c152d2,8/21/2025 19:00,14,15,71,16-50,,8,32,12-Aug,W,"CE,GZ",,Thursday,2,,15,,60,,,,8/21/2025 22:00,rfielding@ParksConservancy.org_parksconservancy,8/21/2025 22:00,rfielding@ParksConservancy.org_parksconservancy,-122.4987817,37.828505
289,ed175ba3-6147-4bb0-9e40-c460116d9fdf,8/25/2025 19:00,12,13,64,76-100,Fog,0.1,2,12-Aug,W,DC,6,Monday,1,HTHOMAS,4,,45,,,,8/25/2025 19:58,rfielding@ParksConservancy.org_parksconservancy,8/25/2025 19:58,rfielding@ParksConservancy.org_parksconservancy,-122.4988067,37.828475
290,df624bb4-5a14-4099-b771-503aa06504e8,8/26/2025 19:00,10,11,63.1,76-100,Fog,0.1,1,12-Aug,SW,"MK,AB",6,Tuesday,1,,11,0,60,,,,8/26/2025 19:09,rfielding@ParksConservancy.org_parksconservancy,8/26/2025 19:09,rfielding@ParksConservancy.org_parksconservancy,-122.4988667,37.82850833
291,6fb4831e-c49a-474d-ac69-9a96ac0846ca,8/26/2025 19:00,11,12,63,76-100,Fog,3,10,12-Aug,NW,"MK,AB",6,Tuesday,1,,15,0,60,,,,8/26/2025 19:09,rfielding@ParksConservancy.org_parksconservancy,8/26/2025 19:09,rfielding@ParksConservancy.org_parksconservancy,-122.4988183,37.828495
292,b3c9e7c5-f0f8-4ea7-b9b0-0e75ab17375b,8/26/2025 19:00,12,13,63,76-100,,8,30,12-Aug,NW,"MK,AB",7,Tuesday,1,John D,20,0,60,,"12:19:1 RSHA, 12:47:1 AMKE, ",,8/26/2025 20:05,rfielding@ParksConservancy.org_parksconservancy,8/26/2025 20:05,rfielding@ParksConservancy.org_parksconservancy,-122.4988017,37.82857167
293,12d172d8-fb8a-43f4-bb43-fce09758e286,8/26/2025 19:00,13,14,64,16-50,,10,32,18-24,W,"MK,AB",7,Tuesday,1,John D,19,,60,,"13:18:1 AMKE, 13:35:1 AMKE, 13:47:1 AMKE, ",,8/26/2025 21:05,rfielding@ParksConservancy.org_parksconservancy,8/26/2025 21:05,rfielding@ParksConservancy.org_parksconservancy,-122.4988033,37.82849
294,0e8acfb9-3f77-4d0b-935b-154d6a8abf2c,8/26/2025 19:00,14,15,64.5,<15,,15,32,18-24,W,"MK,AB",6,Tuesday,1,,27,0,60,Change one undetermined RTHA to a juvenile - DONE - RF,"14:08:1 NOHA, 14:14:1 AMKE, 14:44:2 AMKE, 14:44:1 AMKE, 14:52:1 AMKE, ",,8/26/2025 22:01,rfielding@ParksConservancy.org_parksconservancy,8/26/2025 22:53,rfielding@ParksConservancy.org_parksconservancy,-122.498785,37.8285
295,83617bea-3aa5-47be-809c-4e7947c9c7ac,8/27/2025 19:00,10,11,67,76-100,Haze,8,10,7-Mar,N,"JD,JAltemus",7,Wednesday,1,HTHOMAS,23,,60,,"10:16:1 AMKE, 10:17:1 AMKE, 10:23:1 NOHA, ",,8/27/2025 18:00,rfielding@ParksConservancy.org_parksconservancy,8/27/2025 18:00,rfielding@ParksConservancy.org_parksconservancy,-122.4988583,37.82850333
296,cafa47ba-85d7-4791-8b96-f1d7dff9db28,8/27/2025 19:00,11,12,69,16-50,Haze,8,32,7-Mar,S,"JAltemus,JD",7,Wednesday,1,HTHOMAS,23,1,60,,"11:57:1 BAEA, ",,8/27/2025 19:05,rfielding@ParksConservancy.org_parksconservancy,8/27/2025 19:05,rfielding@ParksConservancy.org_parksconservancy,-122.4988117,37.82850833
297,5f5fa3a9-1fa1-4607-8ec7-d0dc6079b58d,8/27/2025 19:00,12,13,67,<15,Haze,8,32,12-Aug,W,"JAltemus,JD",7,Wednesday,1,HTHOMAS,28,,60,,"12:14:1 AMKE, 12:24:1 AMKE, 12:26:1 AMKE, 13:00:1 AMKE, ",,8/27/2025 20:01,rfielding@ParksConservancy.org_parksconservancy,8/27/2025 20:01,rfielding@ParksConservancy.org_parksconservancy,-122.4987867,37.828505
298,9fb85275-20bb-45bc-94a4-a745cdb77273,8/27/2025 19:00,13,14,69,<15,Haze,8,32,7-Mar,W,"JAltemus,JD",7,Wednesday,1,HTHOMAS,22,,60,,"13:14:1 AMKE, 13:15:1 AMKE, 13:32:1 PEFA, 13:32:1 PEFA, 13:59:1 AMKE, ",,8/27/2025 21:01,rfielding@ParksConservancy.org_parksconservancy,8/27/2025 21:01,rfielding@ParksConservancy.org_parksconservancy,-122.4988317,37.82850167
299,cf524b71-bd31-4f60-afae-72e9c0b3dbb9,8/27/2025 19:00,14,15,75,<15,Haze,8,32,12-Aug,W,"JAltemus,JD",7,Wednesday,1,HTHOMAS,14,,60,,"14:34:1 NOHA, ",,8/27/2025 22:00,rfielding@ParksConservancy.org_parksconservancy,8/27/2025 22:00,rfielding@ParksConservancy.org_parksconservancy,-122.4988317,37.82850167
300,b7a64d3d-319f-40e7-adcd-9e239ccea785,8/28/2025 19:00,10,11,68,<15,Haze,10,10,12-Aug,W,"LS,CB",5,Thursday,1,,26,,60,,"10:56:1 OSPR, ",,8/28/2025 18:02,rfielding@ParksConservancy.org_parksconservancy,8/28/2025 18:02,rfielding@ParksConservancy.org_parksconservancy,-122.4988883,37.82852333
301,9bf91650-585e-4319-97b7-7ac037e6110d,8/28/2025 19:00,11,12,64,<15,Haze,10,32,7-Mar,W,"CB,LS",6,Thursday,1,JDUFFIELD,30,,60,,,,8/28/2025 19:01,rfielding@ParksConservancy.org_parksconservancy,8/28/2025 19:01,rfielding@ParksConservancy.org_parksconservancy,-122.49888,37.82851
302,657f6272-c44b-45c9-a57d-871e384499a3,8/28/2025 19:00,12,13,63,<15,Haze,10,32,12-Aug,W,"LS,CB",6,Thursday,1,JDUFFIELD,34,,60,,"12:06:1 AMKE, 12:34:1 NOHA, 12:48:1 AMKE, ",,8/28/2025 20:02,rfielding@ParksConservancy.org_parksconservancy,8/28/2025 20:02,rfielding@ParksConservancy.org_parksconservancy,-122.4987383,37.82850167
303,75f5a5ba-c621-4458-bbb1-8be49e728f64,8/28/2025 19:00,13,14,66,<15,Haze,10,32,12-Aug,W,"LS,CB",6,Thursday,1,JDUFFIELD,26,,60,,"13:10:1 OSPR, 13:35:1 AMKE, 13:35:1 AMKE, 13:56:1 AMKE, ",,8/28/2025 21:01,rfielding@ParksConservancy.org_parksconservancy,8/28/2025 21:01,rfielding@ParksConservancy.org_parksconservancy,-122.49882,37.82852
304,7de4754c-67f8-402b-aa2c-6df2b7dc8609,8/28/2025 19:00,14,15,68,<15,Haze,10,32,12-Aug,W,"CB,LS",6,Thursday,1,JDUFFIELD,11,,60,,"14:06:1 AMKE, ",,8/28/2025 21:59,rfielding@ParksConservancy.org_parksconservancy,8/28/2025 21:59,rfielding@ParksConservancy.org_parksconservancy,-122.498835,37.828505
305,362832dd-8759-451c-b44e-47570c229ca1,8/29/2025 19:00,10,11,63.4,<15,Haze,5.7,32.2,12-Aug,NW,"NY,HT",9,Friday,1,,21,0,60,,,,8/29/2025 18:00,rfielding@ParksConservancy.org_parksconservancy,8/29/2025 18:00,rfielding@ParksConservancy.org_parksconservancy,-122.498855,37.82846833
306,d40a6618-9d2e-4337-9003-7ba66786491c,8/29/2025 19:00,11,12,64.2,<15,"Fog,Haze",5.7,32.2,7-Mar,W,"HT,NY",9,Friday,1,,25,0,60,,"11:07:1 OSPR, 11:11:1 AMKE, 11:11:1 AMKE, 11:14:1 AMKE, 11:19:1 OSPR, ",,8/29/2025 18:59,rfielding@ParksConservancy.org_parksconservancy,8/29/2025 18:59,rfielding@ParksConservancy.org_parksconservancy,-122.4988317,37.82847
307,bc329ad1-711e-48fd-a7a6-bd499778178d,8/29/2025 19:00,12,13,66.3,<15,"Haze,Fog",5.7,32.2,7-Mar,W,"HT,NY",9,Friday,1,,13,0,60,,"12:01:1 AMKE, 12:22:1 AMKE, ",,8/29/2025 20:00,rfielding@ParksConservancy.org_parksconservancy,8/29/2025 20:00,rfielding@ParksConservancy.org_parksconservancy,-122.498875,37.82849833
308,6e647084-0ff4-4e68-a186-6972ed034e7e,8/29/2025 19:00,13,14,65.9,<15,"Fog,Haze",10,33,12-Aug,W,"HT,NY",9,Friday,1,,21,12,60,,"13:08:1 BAEA, 13:19:1 OSPR, 13:27:2 OSPR, 13:30:1 AMKE, ",,8/29/2025 21:00,rfielding@ParksConservancy.org_parksconservancy,8/29/2025 21:00,rfielding@ParksConservancy.org_parksconservancy,-122.498875,37.82849833
309,d4a76770-53e6-42ab-8ef6-8d3bad3a8381,8/29/2025 19:00,14,15,67.5,<15,"Fog,Haze",10,33,13-17,W,"HT,NY",8,Friday,1,,8,6,60,,"14:19:1 AMKE, ",,8/29/2025 22:00,rfielding@ParksConservancy.org_parksconservancy,8/29/2025 22:00,rfielding@ParksConservancy.org_parksconservancy,-122.498875,37.82849833
310,34395d09-320f-4b9c-be4d-451f3142edfd,8/30/2025 19:00,10,11,73.3,<15,"Haze,Fog",10,32.2,3-Jan,W,"MH,MM",9,Saturday,1,JAmbrosini,12,,60,,,,8/30/2025 18:04,CDeLeon@parksconservancy.org_parksconservancy,8/30/2025 18:04,CDeLeon@parksconservancy.org_parksconservancy,0,0
311,e2ecab33-878a-4955-9de6-0e6e94833c45,8/30/2025 19:00,11,12,71.3,<15,"Fog,Haze",10.4,32.2,7-Mar,W,"MM,MH",9,Saturday,1,JAMBROSINI,15,,60,,"11:55:1 AMKE, 12:02:1 RSHA, ",,8/30/2025 19:04,CDeLeon@parksconservancy.org_parksconservancy,8/30/2025 19:04,CDeLeon@parksconservancy.org_parksconservancy,0,0
312,20256a61-98e9-458e-bd5d-8a162fb16b14,8/30/2025 19:00,12,13,78,<15,"Fog,Haze",6,32.2,7-Mar,SW,"MM,MH",10,Saturday,1,JAmbosini JDavis,24,0,60,,"12:08:1 AMKE, 12:09:1 NOHA, 12:52:2 RSHA, ",,8/30/2025 20:00,CDeLeon@parksconservancy.org_parksconservancy,8/30/2025 20:00,CDeLeon@parksconservancy.org_parksconservancy,0,0
313,abf5dbd6-83b4-4c0f-8f6f-9df0c1fd4893,8/30/2025 19:00,13,14,77.6,<15,"Fog,Haze",10,32.2,7-Mar,SW,"MM,MH",10,Saturday,1,JAMBOSSINI JDAVIS,27,,60,,"13:41:2 AMKE, 13:52:1 AMKE, 13:52:1 AMKE, ",,8/30/2025 21:01,CDeLeon@parksconservancy.org_parksconservancy,8/30/2025 21:01,CDeLeon@parksconservancy.org_parksconservancy,0,0
314,fd912549-78e9-4431-a4b1-5e388efc0261,8/30/2025 19:00,14,15,74.4,<15,"Fog,Haze",4.2,32.5,12-Aug,SW,"MM,MH",10,Saturday,1,JAmbrosini JDavis,31,,60,,"14:21:1 AMKE, 14:22:1 AMKE, ",,8/30/2025 22:04,CDeLeon@parksconservancy.org_parksconservancy,8/30/2025 22:04,CDeLeon@parksconservancy.org_parksconservancy,0,0
315,ac2a1b2f-2ed2-4ccc-92d4-e4cd438d068d,8/31/2025 19:00,10,11,80,<15,Haze,8,32,7-Mar,E,"MF,SH",7,Sunday,1,,15,,60,,,,8/31/2025 18:01,rfielding@ParksConservancy.org_parksconservancy,8/31/2025 18:01,rfielding@ParksConservancy.org_parksconservancy,-122.4988983,37.82847667
316,9981a893-6a96-473a-8e6f-121c7c41bba0,8/31/2025 19:00,11,12,80,<15,,8,32,3-Jan,W,"SH,MF",7,Sunday,1,,18,,60,,"11:21:1 AMKE, 11:31:2 AMKE, 11:59:1 RSHA, ",,8/31/2025 19:02,rfielding@ParksConservancy.org_parksconservancy,8/31/2025 19:02,rfielding@ParksConservancy.org_parksconservancy,-122.49886,37.82853333
317,dc069f95-3aa6-4e0e-9483-98cfa72d4e7d,8/31/2025 19:00,12,13,80,<15,Haze,8,32,7-Mar,W,"SH,MF",7,Sunday,1,,48,,60,,"12:27:1 AMKE, 12:41:1 RSHA, 12:46:1 RSHA, ",,8/31/2025 20:00,rfielding@ParksConservancy.org_parksconservancy,8/31/2025 20:00,rfielding@ParksConservancy.org_parksconservancy,-122.4988083,37.82860333
318,109a1d43-d8c2-419a-a96e-b96113b11896,8/31/2025 19:00,13,14,78,<15,Haze,8,32,12-Aug,W,"SH,MF",7,Sunday,1,,28,6,60,,"13:25:1 AMKE, 13:55:1 AMKE, ",,8/31/2025 21:00,rfielding@ParksConservancy.org_parksconservancy,8/31/2025 21:00,rfielding@ParksConservancy.org_parksconservancy,-122.4988217,37.82849667
319,58a565f8-c168-45de-8f20-6397fc4f4583,8/31/2025 19:00,14,15,77.9,<15,Haze,8,32,12-Aug,W,"MF,SH",7,Sunday,1,,5,5,60,,,,8/31/2025 22:01,rfielding@ParksConservancy.org_parksconservancy,8/31/2025 22:01,rfielding@ParksConservancy.org_parksconservancy,-122.4988133,37.82849667
320,b44211ab-1490-496c-b539-6f0a3aa6b20d,9/1/2025 19:00,10,11,68,<15,Fog,0.1,32,3-Jan,W,"KG,JAmbrosini",8,Monday,2,JDAVIS,16,2,60,,"10:14:1 AMKE, 10:19:1 AMKE, ",,9/1/2025 18:01,rfielding@ParksConservancy.org_parksconservancy,9/1/2025 18:01,rfielding@ParksConservancy.org_parksconservancy,-122.49887,37.82850333
321,32fe1a8e-ee1a-4e0a-ba8b-2724fbe9b3d5,9/1/2025 19:00,11,12,68,<15,Fog,0.1,32,3-Jan,W,"KG,JAmbrosini",8,Monday,2,JDAVIS,17,3,60,,"11:06:1 AMKE, 11:20:1 AMKE, 11:38:1 AMKE, ",,9/1/2025 19:00,rfielding@ParksConservancy.org_parksconservancy,9/1/2025 19:00,rfielding@ParksConservancy.org_parksconservancy,-122.4987583,37.82847667
322,e7eea4e7-5167-42f6-a523-c561ae2b207a,9/1/2025 19:00,12,13,71,<15,Fog,0.1,32,3-Jan,W,"KG,JAmbrosini",8,Monday,2,JDAVIS,26,4,60,,"12:02:2 AMKE, 12:40:1 OSPR, ",,9/1/2025 20:00,rfielding@ParksConservancy.org_parksconservancy,9/1/2025 20:00,rfielding@ParksConservancy.org_parksconservancy,-122.4988683,37.82849667
323,866e372c-143b-4f7e-a6bf-63284c127ff7,9/1/2025 19:00,13,14,67,<15,Fog,0.1,32,12-Aug,W,"KG,JAmbrosini",8,Monday,2,JDAVIS,24,,60,,,,9/1/2025 21:00,rfielding@ParksConservancy.org_parksconservancy,9/1/2025 21:00,rfielding@ParksConservancy.org_parksconservancy,-122.49881,37.82854
324,140a6d3c-0cd1-4728-a814-2ec423357415,9/1/2025 19:00,14,15,69,<15,Fog,1,32,13-17,W,"KG,JAmbrosini",8,Monday,2,JDAVIS,23,,60,,"14:44:1 AMKE, 14:53:1 PEFA, 15:00:1 AMKE, ",,9/1/2025 21:59,rfielding@ParksConservancy.org_parksconservancy,9/1/2025 22:01,rfielding@ParksConservancy.org_parksconservancy,-122.4988333,37.82854167
325,80affedf-4e6a-4a37-b816-ea9480ad9440,9/3/2025 19:00,10,11,65,76-100,Fog,4,11,7-Mar,W,"JD,DB",9,Wednesday,2,"HTHOMAS, WNG",35,,60,,,,9/3/2025 18:00,rfielding@ParksConservancy.org_parksconservancy,9/3/2025 18:00,rfielding@ParksConservancy.org_parksconservancy,-122.4987833,37.82851833
326,65249bb1-4032-4ac2-a1d0-7dff2ff69bad,9/3/2025 19:00,11,12,68,76-100,Fog,1,32,7-Mar,W,"DB,JD",10,Wednesday,2,"HTHOMAS, WNG",38,,60,,"11:12:1 NOHA, 11:13:1 PEFA, 11:23:1 NOHA, 11:58:1 NOHA, 12:00:1 PEFA, ",,9/3/2025 19:00,rfielding@ParksConservancy.org_parksconservancy,9/3/2025 19:00,rfielding@ParksConservancy.org_parksconservancy,-122.4987,37.82851667
327,c00488fd-cbee-4cf6-a4fd-fe570dd29949,9/3/2025 19:00,12,13,71,16-50,Fog,10,32,12-Aug,W,"JD,DB",10,Wednesday,2,"HTHOMAS, WNG",24,,60,,"12:25:1 RSHA, 12:25:1 NOHA, ",,9/3/2025 20:00,rfielding@ParksConservancy.org_parksconservancy,9/3/2025 20:00,rfielding@ParksConservancy.org_parksconservancy,-122.498815,37.82848333
328,f5449cb5-a586-4ac8-bab9-97c685b49517,9/3/2025 19:00,13,14,66,76-100,Fog,2,32,7-Mar,W,"DB,JD",10,Wednesday,2,"HTHOMAS, WNG",27,,60,,"13:27:1 AMKE, ",,9/3/2025 20:59,rfielding@ParksConservancy.org_parksconservancy,9/3/2025 20:59,rfielding@ParksConservancy.org_parksconservancy,-122.4988167,37.82849667
329,5cfa9d1e-3d65-4714-b6ab-d093955404cf,9/3/2025 19:00,14,15,66,76-100,Fog,8,32,18-24,W,"DB,JD",10,Wednesday,2,"HTHOMAS, WNG",27,,60,,"14:01:1 NOHA, 14:08:1 NOHA, 14:42:1 NOHA, ",,9/3/2025 22:46,rfielding@ParksConservancy.org_parksconservancy,9/3/2025 22:46,rfielding@ParksConservancy.org_parksconservancy,-122.4987667,37.82846333
330,a3658e61-934c-4d07-95fb-3b2d0b96c541,9/4/2025 19:00,12,13,58.6,76-100,Fog,0.1,10.1,13-17,NW,GZ,7,Tuesday,2,,11,0,60,,,,9/4/2025 20:03,gsteck@parksconservancy.org_parksconservancy,9/4/2025 20:03,gsteck@parksconservancy.org_parksconservancy,0,0
331,c23f79b2-b79a-4a9c-a334-750ced3db730,9/4/2025 19:00,13,14,62.7,76-100,Fog,0.1,10.8,12-Aug,NW,GZ,7,Thursday,2,,15,0,60,,"13:45:1 NOHA, 14:02:1 RSHA, ",,9/4/2025 21:02,gsteck@parksconservancy.org_parksconservancy,9/4/2025 21:02,gsteck@parksconservancy.org_parksconservancy,0,0
332,16a2877c-53cd-4d88-87f3-82b097d5b4be,9/4/2025 19:00,14,15,61.9,76-100,Fog,0.1,16.6,13-17,W,GZ,7,Thursday,2,,14,0,60,,"14:17:1 NOHA, 14:36:1 MERL, ",,9/4/2025 22:01,gsteck@parksconservancy.org_parksconservancy,9/4/2025 22:01,gsteck@parksconservancy.org_parksconservancy,0,0
333,136e90b2-affa-44e0-aac2-213fb5b6623a,9/5/2025 19:00,10,11,66,76-100,Fog,10.4,10.4,3-Jan,W,"LR,NY",8,Friday,2,Mmuir,25,,60,,"10:36:1 RSHA, 10:48:1 NOHA, 10:48:1 AMKE, ",,9/5/2025 19:00,rfielding@ParksConservancy.org_parksconservancy,9/5/2025 19:00,rfielding@ParksConservancy.org_parksconservancy,-122.49893,37.82844167
334,1b6d6f80-3a97-41b3-8b1a-45106c7dea91,9/5/2025 19:00,11,12,63.6,51-75,,10.1,30,7-Mar,W,"NY,LR",8,Friday,2,Mmuir,32,6,60,,"11:19:1 RSHA, 11:22:1 NOHA, 11:31:1 AMKE, ",,9/5/2025 19:01,rfielding@ParksConservancy.org_parksconservancy,9/5/2025 19:01,rfielding@ParksConservancy.org_parksconservancy,-122.4987833,37.82850667
335,9855591f-154b-42de-bc0b-cb9bfb283a48,9/5/2025 19:00,12,13,65.8,<15,,5.7,29,12-Aug,W,"LR,NY",8,Friday,2,Mmuir,28,,60,Mmuir,"12:10:1 AMKE, 12:29:1 NOHA, 12:30:1 NOHA, ",,9/5/2025 19:59,rfielding@ParksConservancy.org_parksconservancy,9/5/2025 19:59,rfielding@ParksConservancy.org_parksconservancy,-122.4988767,37.82851167
336,07db345b-29c3-4f7a-a937-e5d680174411,9/5/2025 19:00,13,14,66.4,51-75,Fog,10,29,13-17,NW,"NY,LR",8,Friday,2,Mmuir,19,,60,,"13:05:1 NOHA, ",,9/5/2025 21:00,rfielding@ParksConservancy.org_parksconservancy,9/5/2025 21:00,rfielding@ParksConservancy.org_parksconservancy,-122.49883,37.82850667
337,646a1bf4-88ab-46c6-8cbc-d03a07802d71,9/5/2025 19:00,14,15,66.2,51-75,Fog,3.5,29,12-Aug,W,"LR,NY",8,Friday,2,Mmuir,25,,60,,"14:10:1 AMKE, 14:37:1 AMKE, 14:48:2 AMKE, 14:53:1 AMKE, ",,9/5/2025 22:00,rfielding@ParksConservancy.org_parksconservancy,9/5/2025 22:00,rfielding@ParksConservancy.org_parksconservancy,-122.49883,37.82850667
338,6e5d19eb-6601-4992-947c-7ffcb2987946,9/6/2025 19:00,11,13,72,16-50,,10,30,7-Mar,NW,BO,8,Saturday,2,Samh,20,,60,,,,9/6/2025 19:09,rfielding@ParksConservancy.org_parksconservancy,9/8/2025 22:08,rfielding@ParksConservancy.org_parksconservancy,-122.49881,37.82848167
339,a1253764-befc-4452-88a7-6bef2759d74e,9/6/2025 19:00,12,13,72,<15,,30,,7-Mar,NW,BO,,Saturday,2,,14,8,60,,,,9/6/2025 20:04,rfielding@ParksConservancy.org_parksconservancy,9/6/2025 20:04,rfielding@ParksConservancy.org_parksconservancy,-122.4988,37.82855833
340,f88fe33a-a8f5-4d51-be85-4e188834c6cb,9/6/2025 19:00,13,14,66,<15,,8,25,12-Aug,W,BO,8,Saturday,2,Sam h,18,,60,,"13:21:1 RSHA, ",,9/6/2025 21:05,rfielding@ParksConservancy.org_parksconservancy,9/6/2025 21:05,rfielding@ParksConservancy.org_parksconservancy,-122.4987633,37.82857
341,2b2303c1-b423-431e-83f9-267c42b72b75,9/6/2025 19:00,14,15,66,<15,,10,30,13-17,W,BO,8,Saturday,2,Sam h,5,,60,,,,9/6/2025 22:33,rfielding@ParksConservancy.org_parksconservancy,9/6/2025 22:33,rfielding@ParksConservancy.org_parksconservancy,-122.49877,37.82853333
342,7940dae0-3689-47a0-b865-3ba028250938,9/7/2025 19:00,11,12,62.9,<15,Fog,2,25,7-Mar,SW,MK,7,Sunday,2,,11,0,60,,"11:05:1 RSHA, 11:15:1 RSHA, ",,9/7/2025 19:01,rfielding@ParksConservancy.org_parksconservancy,9/7/2025 19:01,rfielding@ParksConservancy.org_parksconservancy,-122.4988667,37.82851
343,1e54745c-db82-406b-af4d-6b7776af5d9d,9/7/2025 19:00,12,13,64.4,<15,Fog,0.2,32.2,12-Aug,W,MK,7,Sunday,2,,12,0,60,,,,9/7/2025 20:00,rfielding@ParksConservancy.org_parksconservancy,9/7/2025 20:00,rfielding@ParksConservancy.org_parksconservancy,-122.498805,37.828515
344,7155ad38-47eb-45b6-9f0a-5055dc25165e,9/7/2025 19:00,13,14,66.1,<15,Fog,10,32.2,13-17,W,MK,7,Sunday,2,,19,0,60,,"13:52:1 AMKE, 13:57:1 NOHA, ",,9/7/2025 21:00,rfielding@ParksConservancy.org_parksconservancy,9/7/2025 21:00,rfielding@ParksConservancy.org_parksconservancy,-122.498815,37.82848
345,0494907a-77bc-4c3e-bbb7-92788d125539,9/7/2025 19:00,14,15,61.5,<15,Fog,0.1,25,18-24,W,MK,7,Sunday,2,,19,0,60,,"14:06:1 NOHA, 14:36:2 NOHA, ",,9/7/2025 22:00,rfielding@ParksConservancy.org_parksconservancy,9/7/2025 22:00,rfielding@ParksConservancy.org_parksconservancy,-122.4988083,37.82850167
346,a9c6bc52-0c88-4a71-b3ca-1d4ac34c5f10,9/11/2025 19:00,10,11,62.8,76-100,Fog,0.1,4.7,3-Jan,SW,"LS,CB",6,Thursday,1,,5,,45,,"10:38:1 AMKE, ",,9/11/2025 18:01,gsteck@parksconservancy.org_parksconservancy,9/11/2025 19:01,gsteck@parksconservancy.org_parksconservancy,0,0
347,36e53728-396f-479b-b035-a8d64bbac649,9/11/2025 19:00,11,12,59.5,76-100,Fog,0.1,4.7,12-Aug,SW,"CB,LS",7,Thursday,1,,18,0,60,,"11:12:1 OSPR, 11:26:1 OSPR, ",,9/11/2025 19:00,gsteck@parksconservancy.org_parksconservancy,9/11/2025 19:00,gsteck@parksconservancy.org_parksconservancy,0,0
348,256f180f-77d2-45cf-8f05-141b8eade94a,9/11/2025 19:00,12,13,66.5,76-100,Fog,0.2,6.8,3-Jan,S,"CB,LS",7,Thursday,1,,7,,30,,"12:30:1 RSHA, ",,9/11/2025 19:31,gsteck@parksconservancy.org_parksconservancy,9/11/2025 19:33,gsteck@parksconservancy.org_parksconservancy,0,0
349,0f46132d-f190-4fff-ab88-048db562f703,9/11/2025 19:00,12,13,63.5,76-100,Fog,0.2,,7-Mar,S,"CB,LS",7,Thursday,1,,13,,30,,"12:40:1 AMKE, 12:50:1 AMKE, ",,9/11/2025 20:00,gsteck@parksconservancy.org_parksconservancy,9/11/2025 20:00,gsteck@parksconservancy.org_parksconservancy,0,0
350,aee23f90-7fd2-4cf0-b720-84992cd035ad,9/11/2025 19:00,13,14,64.8,76-100,Fog,1.4,6.8,7-Mar,S,"CB,LS",7,Thursday,1,,20,,60,,"13:20:1 RSHA, 13:26:1 AMKE, 13:32:1 OSPR, ",,9/11/2025 21:01,gsteck@parksconservancy.org_parksconservancy,9/11/2025 21:01,gsteck@parksconservancy.org_parksconservancy,0,0
351,08d9382f-082c-4460-a827-d961ee164145,9/11/2025 19:00,14,15,67.1,76-100,Fog,0.1,10.3,3-Jan,SE,"CB,LS",6,Thursday,1,,14,,60,,"14:13:1 AMKE, 14:52:1 NOHA, 14:56:2 PEFA, ",,9/11/2025 22:01,gsteck@parksconservancy.org_parksconservancy,9/11/2025 22:01,gsteck@parksconservancy.org_parksconservancy,0,0
352,bc9358c4-40ab-48e0-8fba-fd5af204ccfe,9/15/2025 19:00,10,11,73,<15,Fog,8,32,13-17,N,"KG,JAmbrosini",8,Monday,2,,46,1,60,,"10:14:1 OSPR, 10:40:1 MERL, 10:50:1 NOHA, ",,9/15/2025 18:00,rfielding@ParksConservancy.org_parksconservancy,9/15/2025 18:00,rfielding@ParksConservancy.org_parksconservancy,-122.4989167,37.82845667
353,0cae890b-93ae-4a79-bcce-35f4fb23fd70,9/15/2025 19:00,11,12,76,<15,Fog,8,32,12-Aug,N,"JAmbrosini,KG",8,Monday,2,,49,,60,,"11:08:1 NOHA, 11:16:1 OSPR, ",,9/15/2025 19:01,rfielding@ParksConservancy.org_parksconservancy,9/15/2025 19:01,rfielding@ParksConservancy.org_parksconservancy,-122.49881,37.82852167
354,5219fd20-0e7b-4d64-b1ab-1ae647afb5e8,9/15/2025 19:00,12,13,74,<15,"Haze,Fog",8,32,7-Mar,N,"JAmbrosini,KG",8,Monday,2,,51,,60,,"12:22:1 AMKE, 12:22:1 RSHA, 12:25:1 PEFA, 12:29:1 RSHA, 12:35:1 RSHA, 12:38:1 AMKE, 12:46:1 OSPR, ",,9/15/2025 20:01,rfielding@ParksConservancy.org_parksconservancy,9/15/2025 20:01,rfielding@ParksConservancy.org_parksconservancy,-122.4988517,37.828505
355,27903808-3494-4b8c-9f43-e6e74ec29abd,9/15/2025 19:00,13,14,76,<15,Haze,8,32,7-Mar,N,"JAmbrosini,KG",8,Monday,2,,33,6,60,,"13:15:1 NOHA, 13:17:1 NOHA, 13:26:1 AMKE, 13:29:1 NOHA, 13:41:1 AMKE, 13:53:1 RSHA, ",,9/15/2025 20:59,rfielding@ParksConservancy.org_parksconservancy,9/15/2025 20:59,rfielding@ParksConservancy.org_parksconservancy,-122.498855,37.82846833
356,161699cf-fada-4f4d-87b1-1fc883921cce,9/15/2025 19:00,14,15,80,<15,Haze,8,32,7-Mar,W,"KG,JAmbrosini",8,Monday,2,,40,,60,,"14:20:1 BWHA, 14:38:1 OSPR, ",,9/15/2025 22:00,rfielding@ParksConservancy.org_parksconservancy,9/15/2025 22:00,rfielding@ParksConservancy.org_parksconservancy,-122.49881,37.82852
357,e1c0e68d-d473-48e2-b98a-3dc8b207e784,9/16/2025 19:00,10,11,65,<15,Fog,0.5,32,12-Aug,W,"WW,HM",10,Tuesday,2,"HTHOMAS, PMOSER, SHONTALAS",30,0,60,,"10:38:1 AMKE, 10:48:1 AMKE, ",,9/16/2025 18:44,rfielding@ParksConservancy.org_parksconservancy,9/16/2025 18:44,rfielding@ParksConservancy.org_parksconservancy,-122.4986283,37.82847
358,c153ede8-1643-4e66-a7df-25a655910504,9/16/2025 19:00,11,11,66,76-100,Fog,0.1,,,W,"HM,WW",10,Tuesday,2,"HTHOMAS, JDAVIS, PMOSER, SHONTALAS",17,0,60,,"11:06:1 NOHA, ",,9/16/2025 19:03,rfielding@ParksConservancy.org_parksconservancy,9/16/2025 19:07,rfielding@ParksConservancy.org_parksconservancy,-122.44867,37.8043326
359,97a20013-063e-4fcd-a0a7-4334198504d2,9/16/2025 19:00,12,13,66,76-100,Fog,0.1,32,13-17,W,"WW,HM",11,Tuesday,2,"HTHOMAS, JDAVIS, SHONTALAS, PMOSER",40,,60,,"12:20:1 AMKE, 12:27:1 PEFA, 12:40:1 NOHA, 12:56:1 NOHA, ",,9/16/2025 20:01,rfielding@ParksConservancy.org_parksconservancy,9/16/2025 20:01,rfielding@ParksConservancy.org_parksconservancy,-122.4987983,37.82850333
360,16d25ad8-878c-4e35-abc5-26ebdc0732ae,9/16/2025 19:00,13,14,68,<15,Fog,0.5,32,13-17,W,"WW,HM",11,Tuesday,2,"HTHOMAS, SHONTALAS, MPEER, PMOSER",29,,60,,"13:09:1 AMKE, 13:15:1 AMKE, ",,9/16/2025 20:59,rfielding@ParksConservancy.org_parksconservancy,9/16/2025 20:59,rfielding@ParksConservancy.org_parksconservancy,-122.4988383,37.828475
361,57d33f71-3e41-4bf0-abd9-d870627b6542,9/16/2025 19:00,14,15,63,76-100,Fog,0.1,32,13-17,W,"WW,HM",11,Tuesday,2,"HTHOMAS, SHONTALAS, MPEER, PMOSER",8,,45,,"14:13:1 AMKE, ",,9/16/2025 21:44,rfielding@ParksConservancy.org_parksconservancy,9/16/2025 21:44,rfielding@ParksConservancy.org_parksconservancy,-122.4988067,37.82850333
362,0db2fc82-a923-425d-8d29-27057efda5e7,9/17/2025 19:00,10,11,76,<15,Fog,0.5,32,3-Jan,E,"DB,JD",11,Wednesday,2,"DPECK, WNG, AGARDNER",24,1,60,,"10:35:1 OSPR, 10:36:1 PEFA, 10:51:1 RSHA, 10:51:1 AMKE, 10:57:1 RSHA, 10:57:1 AMKE, 10:58:1 RSHA, 11:00:1 RSHA, ",,9/17/2025 18:01,rfielding@ParksConservancy.org_parksconservancy,9/17/2025 18:01,rfielding@ParksConservancy.org_parksconservancy,-122.4988833,37.82847167
363,a7d09f82-18e9-42bb-b3f7-fbe2ba013640,9/17/2025 19:00,11,12,76,16-50,Fog,0.5,32,3-Jan,E,"DB,JD",11,Wednesday,2,"DPECK, WNG, AGARDNER",42,,60,,"11:43:1 RSHA, 11:43:1 RSHA, ",,9/17/2025 19:01,rfielding@ParksConservancy.org_parksconservancy,9/17/2025 19:01,rfielding@ParksConservancy.org_parksconservancy,-122.4988033,37.82849
364,f3f28ebf-2310-42f5-aa41-bade0f1a0402,9/17/2025 19:00,12,13,68,<15,Fog,0.5,32,7-Mar,W,"DB,JD",11,Wednesday,2,"DPECK, WNG, AGARDNER",59,,60,,"12:15:1 BWHA, 12:24:1 RSHA, 12:25:1 BWHA, 12:31:1 RSHA, 12:39:1 RSHA, 12:48:1 AMKE, 12:52:1 BWHA, 12:53:1 MERL, ",,9/17/2025 20:02,rfielding@ParksConservancy.org_parksconservancy,9/17/2025 20:02,rfielding@ParksConservancy.org_parksconservancy,-122.4988167,37.82844167
365,0b4879eb-7561-450f-b6e1-46f65587b9b6,9/17/2025 19:00,13,14,70,<15,Fog,0.5,32,12-Aug,W,"DB,JD",11,Wednesday,2,"WNG, DPECK, AGARDNER",58,,60,,"13:10:1 AMKE, 13:11:1 AMKE, 13:13:1 OSPR, ",,9/17/2025 21:01,rfielding@ParksConservancy.org_parksconservancy,9/17/2025 21:01,rfielding@ParksConservancy.org_parksconservancy,-122.4988267,37.82849833
366,4f851b93-986b-4a8e-b30e-db9e770c6f04,9/17/2025 19:00,14,15,69,<15,Fog,0.5,32,12-Aug,W,"JD,DB",11,Wednesday,2,"DPECK, WNG, AGARDENER",48,2,60,,"14:09:1 FEHA, 14:14:1 AMKE, 14:50:1 AMKE, 14:58:1 NOHA, 15:01:1 NOHA, ",,9/17/2025 22:01,rfielding@ParksConservancy.org_parksconservancy,9/17/2025 22:03,rfielding@ParksConservancy.org_parksconservancy,-122.4988317,37.82851333
367,81091311-9368-4221-a9cc-a68404047d8e,9/19/2025 19:00,10,11,65,76-100,Fog,0.1,10,3-Jan,W,"LR,NY",9,Friday,2,"JDAVIS, HTHOMAS, MMUIR, DPECK",23,,60,,,,9/19/2025 18:02,rfielding@ParksConservancy.org_parksconservancy,9/19/2025 18:02,rfielding@ParksConservancy.org_parksconservancy,-122.498835,37.828475
368,7c76e82f-e5f6-457d-a384-730e6e4af093,9/19/2025 19:00,11,12,66,76-100,Fog,0.5,10,7-Mar,W,"NY,LR",10,Friday,2,"HTHOMAS, JDAVIS, DPECK, MMUIR",39,,60,,"11:42:1 AMKE, 11:56:1 AMKE, ",,9/19/2025 19:03,rfielding@ParksConservancy.org_parksconservancy,9/19/2025 19:03,rfielding@ParksConservancy.org_parksconservancy,-122.4988,37.82848167
369,814bc899-91a2-4544-9782-2da0558bb0ce,9/19/2025 19:00,12,13,70,16-50,Fog,5,32,7-Mar,W,"NY,LR",10,Friday,2,"JDAVIS, DPECK, MMUIR, HTHOMAS",69,,60,,"12:10:1 OSPR, 12:22:1 RSHA, 12:31:1 RSHA, 12:31:1 NOHA, 12:43:1 AMKE, 12:45:1 NOHA, 12:52:1 AMKE, 12:54:1 AMKE, ",,9/19/2025 20:00,rfielding@ParksConservancy.org_parksconservancy,9/19/2025 20:00,rfielding@ParksConservancy.org_parksconservancy,-122.4988017,37.828495
370,b0c6d95e-d625-4e84-a76d-9800a1041cef,9/19/2025 19:00,13,14,66,16-50,Fog,1,32,12-Aug,W,"NY,LR",10,Friday,2,"JDAVIS, DPECK, MMUIR, HTHOMAS",50,,60,,"13:15:1 PEFA, 13:15:1 MERL, 13:20:1 BWHA, 13:26:1 BWHA, 13:31:1 PEFA, ",,9/19/2025 21:01,rfielding@ParksConservancy.org_parksconservancy,9/19/2025 21:01,rfielding@ParksConservancy.org_parksconservancy,-122.4988367,37.82847167
371,1f171f50-83e5-492d-a820-ba161a85a47d,9/19/2025 19:00,14,15,67,51-75,Fog,1,32,12-Aug,W,"LR,NY",10,Friday,2,"JDAVIS, HTHOMAS, MMUIR, DPECK",47,,60,,"14:12:1 OSPR, 14:13:1 MERL, 14:15:1 MERL, 14:17:1 AMKE, 14:36:1 AMKE, 14:55:1 MERL, ",,9/19/2025 22:00,rfielding@ParksConservancy.org_parksconservancy,9/19/2025 22:00,rfielding@ParksConservancy.org_parksconservancy,-122.49887,37.82846667
372,ae42ff53-a4e1-4515-98ea-4a951e506e3f,9/20/2025 19:00,10,11,64,76-100,Fog,0.5,5,12-Aug,W,BO,9,Saturday,2,"DPECK, SHONTALAS",31,,45,,"10:23:1 AMKE, 10:49:1 BWHA, 10:50:1 MERL, 10:57:1 BWHA, ",,9/20/2025 18:00,rfielding@ParksConservancy.org_parksconservancy,9/20/2025 18:00,rfielding@ParksConservancy.org_parksconservancy,-122.4988983,37.82847
373,3fd004a3-bfdd-4363-8419-b9872df021d2,9/20/2025 19:00,11,12,66,51-75,Fog,5,32,7-Mar,W,BO,9,Saturday,2,"Denise, Sam ",40,,60,,"11:19:1 MERL, 11:47:1 OSPR, 11:49:1 RSHA, ",,9/20/2025 19:16,rfielding@ParksConservancy.org_parksconservancy,9/20/2025 19:16,rfielding@ParksConservancy.org_parksconservancy,-122.498825,37.82849667
374,0dc840a2-3930-477a-b340-d88ce39d740c,9/20/2025 19:00,12,13,63,16-50,Fog,5,32,12-Aug,W,BO,10,Saturday,2,"SHONTALAS, DPECK, MKENNEY",33,,60,,"12:05:1 AMKE, 12:28:2 MERL, 12:31:1 OSPR, ",,9/20/2025 20:04,rfielding@ParksConservancy.org_parksconservancy,9/20/2025 20:04,rfielding@ParksConservancy.org_parksconservancy,-122.498805,37.82852667
375,e785516c-8fc1-4a16-b822-fad35b308320,9/20/2025 19:00,13,14,66,16-50,,8,21,7-Mar,NW,BO,10,Saturday,2,MaryK sam denise,35,,60,,"13:07:1 NOHA, 13:11:1 BWHA, 13:36:1 AMKE, 13:37:2 AMKE, 13:37:1 AMKE, 13:42:1 OSPR, 13:45:1 OSPR, 13:53:1 MERL, ",,9/20/2025 21:03,rfielding@ParksConservancy.org_parksconservancy,9/20/2025 21:03,rfielding@ParksConservancy.org_parksconservancy,-122.4988067,37.82851833
376,35986294-80e7-4a5f-831d-746a8018d59a,9/20/2025 19:00,14,15,66,76-100,Fog,8,32,13-17,W,BO,9,Saturday,2,"MKENNEY, SHONTALAS",21,1,60,,"14:19:1 NOHA, 14:39:1 MERL, 14:51:1 NOHA, 14:53:1 AMKE, ",,9/20/2025 22:00,rfielding@ParksConservancy.org_parksconservancy,9/20/2025 22:00,rfielding@ParksConservancy.org_parksconservancy,-122.4987967,37.82853
377,fa2cc7f5-96cb-4bc8-9df0-17f58f11fedc,9/21/2025 19:00,10,11,60,76-100,Fog,0.5,1.1,7-Mar,W,MK,8,Sunday,2,Holly T  Denise P,16,0,30,,,,9/21/2025 18:07,rfielding@ParksConservancy.org_parksconservancy,9/21/2025 18:07,rfielding@ParksConservancy.org_parksconservancy,-122.4794512,37.8237091
378,c7c6f8b3-5b1f-4558-94cd-058669dcf895,9/21/2025 19:00,11,12,62.4,76-100,Fog,0.5,0.5,7-Mar,W,MK,8,Sunday,2,HT DP SH,20,0,60,,"11:18:1 AMKE, 11:20:1 MERL, 11:34:1 AMKE, ",,9/21/2025 19:03,rfielding@ParksConservancy.org_parksconservancy,9/21/2025 19:03,rfielding@ParksConservancy.org_parksconservancy,-122.4987833,37.82848167
379,7f5a2b9f-37f8-4dc5-bcb6-2e10185cda76,9/21/2025 19:00,12,13,59.1,76-100,Fog,0.2,0.2,7-Mar,W,MK,11,Sunday,2,HT DP SH Courtney B Ma'ayan P,3,,30,,,,9/21/2025 19:32,rfielding@ParksConservancy.org_parksconservancy,9/21/2025 19:32,rfielding@ParksConservancy.org_parksconservancy,-122.49889,37.82844
380,e0fc9df7-59cf-4215-8271-640d1735a61f,9/22/2025 19:00,10,11,66,<15,Fog,0.5,32,3-Jan,W,"DC,LB",8,Monday,1,,63,,60,,"10:27:1 AMKE, 10:44:1 BWHA, 10:49:1 AMKE, 10:50:1 BWHA, 10:50:1 BWHA, 10:53:1 AMKE, 10:57:1 BWHA, 11:00:1 BWHA, 11:04:11 BWHA, ",,9/22/2025 18:06,rfielding@ParksConservancy.org_parksconservancy,9/22/2025 18:06,rfielding@ParksConservancy.org_parksconservancy,-122.4988117,37.82848333
381,c046d658-28c9-4617-98e7-c6e749a34949,9/22/2025 19:00,11,12,66,<15,Fog,2,32,7-Mar,W,"LB,DC",8,Monday,1,,108,,60,,"11:11:1 BWHA, 11:19:3 BWHA, 11:30:1 NOHA, 11:31:1 NOHA, 11:37:5 BWHA, 11:40:1 BWHA, 11:43:1 BWHA, 11:43:1 BWHA, 11:46:1 BWHA, 11:50:1 AMKE, ",,9/22/2025 19:00,rfielding@ParksConservancy.org_parksconservancy,9/22/2025 19:00,rfielding@ParksConservancy.org_parksconservancy,-122.4987733,37.82850833
387,78a95c07-06ae-4e20-9434-fe4552b94eb5,9/22/2025 19:00,13,14,68,<15,Fog,0.5,32,7-Mar,W,"LB,DC",10,Monday,1,"JDAVIS, MPEER",125,,60,,"13:04:1 BWHA, 13:12:1 MERL, 13:35:2 BWHA, 13:37:1 RTHA, 13:39:1 BWHA, 13:39:3 BWHA, 13:48:6 BWHA, 13:50:1 MERL, 13:52:2 BWHA, ",,9/22/2025 21:03,rfielding@ParksConservancy.org_parksconservancy,9/22/2025 21:03,rfielding@ParksConservancy.org_parksconservancy,-122.49877,37.82853333
393,2d8293bd-1a3f-42e4-9192-5d777992500b,9/22/2025 19:00,14,15,70,<15,Fog,0.5,32,12-Aug,W,"LB,DC",9,Monday,1,MPEER,147,5,60,,"14:04:2 BWHA, 14:06:2 BWHA, 14:11:5 BWHA, 14:29:2 BWHA, 14:51:1 BWHA, 14:54:1 BWHA, 14:59:6 BWHA, 14:59:1 BWHA, 15:01:1 BWHA, ",,9/22/2025 22:52,rfielding@ParksConservancy.org_parksconservancy,9/22/2025 22:52,rfielding@ParksConservancy.org_parksconservancy,-122.4987917,37.82855333
398,7206316e-a16a-4e00-a0b9-236408c38e5c,9/23/2025 19:00,10,11,78.4,<15,Haze,33,33,7-Mar,NE,"MK,AB",11,Tuesday,1,Wing Jenna Horacio Holly,93,0,60,Lawrence Goldfinch,"10:02:1 BWHA, 10:10:3 BWHA, 10:13:4 BWHA, 10:20:1 BWHA, 10:24:1 BWHA, 10:27:5 BWHA, 10:35:1 BWHA, 10:36:2 BWHA, 10:40:2 BWHA, 10:42:1 RSHA, 10:43:5 BWHA, 10:45:3 BWHA, 10:45:1 BWHA, 10:46:3 BWHA, 10:48:12 BWHA, 10:50:2 BWHA, 10:55:1 MERL, 11:02:20 BWHA, ",,9/23/2025 18:05,rfielding@ParksConservancy.org_parksconservancy,9/23/2025 18:05,rfielding@ParksConservancy.org_parksconservancy,-122.49885,37.82849833
403,08159d4f-1729-49b2-aeb4-c7629da3fb06,9/23/2025 19:00,11,12,86.8,<15,Haze,32,32,<1,NE,"MK,AB",11,Tuesday,1,Holly Wing Jenna Horacio,31,,30,Suspended at 11:30 because of upper 80s heat on the Hill  Taking a break to see if breeze returns and temps decrease.,"11:15:10 BWHA, 11:15:2 BWHA, 11:22:2 BWHA, 11:25:2 BWHA, ",,9/23/2025 18:56,rfielding@ParksConservancy.org_parksconservancy,9/23/2025 18:56,rfielding@ParksConservancy.org_parksconservancy,-122.4988533,37.82849167
405,3524e529-4615-4297-9708-04a2bcdae1c5,9/23/2025 19:00,12,13,87,<15,,32,32,<1,NE,"MK,AB",9,Tuesday,1,Dan F Horacio ,22,,15,,"12:47:1 BWHA, 12:53:1 BWHA, 12:54:1 AMKE, 12:57:2 PEFA, 13:00:1 NOHA, 13:01:1 AMKE, ",,9/23/2025 20:03,rfielding@ParksConservancy.org_parksconservancy,9/23/2025 20:03,rfielding@ParksConservancy.org_parksconservancy,-122.4988017,37.82847167
407,418281e2-1026-401f-8b7c-10d5acba79b3,9/23/2025 19:00,13,14,84,<15,Haze,32,33,7-Mar,W,"MK,AB",9,Tuesday,1,Jenna dan f wing courtney b  horacio,93,0,60,Change 2 undoc kesyrels to 1 male and 1 femal - DONE - RF,"13:09:1 BWHA, 13:10:1 OSPR, 13:12:1 MERL, 13:12:1 AMKE, 13:20:1 NOHA, 13:20:1 BWHA, 13:26:1 RSHA, 13:27:1 RSHA, 13:29:1 GOEA, 13:31:1 BWHA, 13:41:1 AMKE, 13:49:1 BWHA, ",,9/23/2025 21:02,rfielding@ParksConservancy.org_parksconservancy,9/23/2025 21:02,rfielding@ParksConservancy.org_parksconservancy,-122.49882,37.82848667
409,69afb655-0e57-4d7b-8ef1-2a8f17d72b5b,9/23/2025 19:00,14,15,83.4,<15,,32,33,12-Aug,W,"MK,AB",13,Tuesday,1,Jenna wing horacio holly dan courtney,124,0,60,,"14:12:1 RSHA, 14:14:1 AMKE, 14:19:1 MERL, 14:22:1 RSHA, 14:25:1 RSHA, 14:25:1 RSHA, 14:34:2 BWHA, 14:40:1 BWHA, 14:43:1 BWHA, 14:48:2 RSHA, 14:48:1 AMKE, 14:57:2 RSHA, 15:00:1 BWHA, ",,9/23/2025 22:03,rfielding@ParksConservancy.org_parksconservancy,9/23/2025 22:03,rfielding@ParksConservancy.org_parksconservancy,-122.498815,37.82848667
412,de025ed6-ae1c-4b46-8ead-e4d07ae62a20,9/24/2025 19:00,10,11,65,76-100,Fog,0.5,32,7-Mar,W,JD,8,Wednesday,1,"KARMER, WNG, JDUFFIELD",18,,60,,"10:12:1 PEFA, 10:59:1 AMKE, ",,9/24/2025 18:00,rfielding@ParksConservancy.org_parksconservancy,9/24/2025 18:00,rfielding@ParksConservancy.org_parksconservancy,-122.4988383,37.828485
414,5204bf7f-f03b-4525-adc2-4e115c907412,9/24/2025 19:00,11,12,66,76-100,Fog,0.5,10,7-Mar,N,JD,8,Wednesday,1,"KARMER, JDUFFIELD, WNG",14,0,60,,"11:18:1 AMKE, 11:53:1 PEFA, ",,9/24/2025 19:00,rfielding@ParksConservancy.org_parksconservancy,9/24/2025 19:00,rfielding@ParksConservancy.org_parksconservancy,-122.4988367,37.82848
416,8236fe73-7d4e-4b3d-b04f-29e8665ff980,9/24/2025 19:00,12,13,65,51-75,Haze,8,32,7-Mar,W,JD,8,Wednesday,1,"KARMER, WNG, JDUFFIELD",14,,60,,,,9/24/2025 20:01,rfielding@ParksConservancy.org_parksconservancy,9/24/2025 20:01,rfielding@ParksConservancy.org_parksconservancy,-122.4988167,37.82855
417,9323a80d-4305-4af0-a168-ceafe1928f73,9/24/2025 19:00,13,14,69,76-100,Fog,10,32,18-24,W,JD,8,Wednesday,1,"JDUFFIELD , KARMER, WNG",5,,15,,,,9/24/2025 20:13,rfielding@ParksConservancy.org_parksconservancy,9/24/2025 20:13,rfielding@ParksConservancy.org_parksconservancy,-122.4776824,37.8156274
418,ce244c7f-588d-4d70-a53a-6efdd5db9d33,9/25/2025 19:00,12,13,68.2,76-100,Fog,0.1,1.7,7-Mar,NW,LS,5,Thursday,1,DPECK,17,0,30,,"12:37:1 PEFA, ",,9/25/2025 20:01,gsteck@parksconservancy.org_parksconservancy,9/25/2025 20:01,gsteck@parksconservancy.org_parksconservancy,0,0
419,0e2265c8-82bb-43a1-b2f7-0044c0a095b6,9/25/2025 19:00,13,14,63.2,76-100,Fog,0.1,0.9,13-17,W,LS,5,Thursday,1,DPECK,40,0,60,,"13:13:1 BWHA, 13:19:2 AMKE, 13:30:4 BWHA, 13:32:1 BWHA, 13:33:1 BWHA, 13:35:1 BWHA, ",,9/25/2025 21:01,gsteck@parksconservancy.org_parksconservancy,9/25/2025 21:01,gsteck@parksconservancy.org_parksconservancy,0,0
420,ff929df3-fcfe-4877-9153-5f61d949125c,9/25/2025 19:00,14,15,64.1,76-100,Fog,1.5,10.1,13-17,NW,LS,5,Thursday,1,DPECK,27,0,60,,"14:10:1 OSPR, 14:10:1 NOHA, 14:17:1 UnBU, ",,9/25/2025 22:00,gsteck@parksconservancy.org_parksconservancy,9/25/2025 22:00,gsteck@parksconservancy.org_parksconservancy,0,0
421,c0463ec9-1fc3-403c-9115-e0c72464e51c,9/26/2025 19:00,11,12,61.3,<15,"Fog,Haze",5.7,32.2,7-Mar,NW,"HT,NY",8,Friday,1,"Bolaughlin, jdavis",49,,60,,"11:04:2 BWHA, 11:05:1 RSHA, 11:17:1 PEFA, 11:23:1 PEFA, 11:24:2 BWHA, 11:28:8 BWHA, 11:29:12 BWHA, 11:31:9 BWHA, 11:32:1 PEFA, 11:32:2 BWHA, 11:36:17 BWHA, 11:40:16 BWHA, 11:51:1 PEFA, 11:56:1 BWHA, ",,9/26/2025 19:00,rfielding@ParksConservancy.org_parksconservancy,9/26/2025 19:00,rfielding@ParksConservancy.org_parksconservancy,-122.4988383,37.82845333
425,cd57283d-f751-47db-86e7-1c28c75ec86d,9/26/2025 19:00,12,13,63.8,<15,"Fog,Haze",5.9,32.2,13-17,W,"HT,NY",8,Friday,1,"Bolaughlin, jdavis",49,,60,,"12:05:1 BWHA, 12:06:1 PEFA, 12:09:5 BWHA, 12:12:1 RSHA, 12:26:1 AMKE, 12:32:4 BWHA, 12:44:1 RSHA, 12:45:2 BWHA, 12:46:1 BWHA, 12:51:1 BWHA, 12:51:1 NOHA, 12:52:1 OSPR, 12:52:1 BWHA, 12:53:1 NOHA, 12:57:2 BWHA, ",,9/26/2025 22:38,rfielding@ParksConservancy.org_parksconservancy,9/26/2025 22:38,rfielding@ParksConservancy.org_parksconservancy,-122.4988033,37.82846
427,34beeee5-a2e3-44a3-a098-fd32f28e62a0,9/26/2025 19:00,14,15,65.5,<15,"Fog,Haze",5.9,32.2,18-24,W,"HT,NY",8,Friday,1,"Jdavis, bolaughlin",54,,60,,"14:04:4 BWHA, 14:16:1 NOHA, 14:19:1 BWHA, 14:23:1 OSPR, 14:24:1 BWHA, 14:26:1 BWHA, 14:37:6 BWHA, 14:51:1 BWHA, 14:52:2 MERL, 14:55:1 PEFA, 15:00:2 BWHA, ",,9/26/2025 22:38,rfielding@ParksConservancy.org_parksconservancy,9/26/2025 22:38,rfielding@ParksConservancy.org_parksconservancy,-122.4988517,37.82846833
444,8746672a-b698-4d36-b7a3-9c2022d94cb5,9/27/2025 19:00,13,14,65,76-100,Fog,5,5,12-Aug,W,"MH,MM",8,Saturday,1,JAMBROSINI,36,,60,,"13:12:1 OSPR, 13:26:1 NOHA, 13:31:1 NOHA, ",,9/27/2025 21:01,rfielding@ParksConservancy.org_parksconservancy,9/27/2025 21:01,rfielding@ParksConservancy.org_parksconservancy,-122.4989083,37.82844667
447,7fbe8535-1509-4181-b1e3-c7a630607cf3,9/27/2025 19:00,14,15,63.8,76-100,Fog,7,20,7-Mar,NW,"MM,MH",8,Saturday,1,JAmbrosini ,30,,60,,,,9/27/2025 22:01,rfielding@ParksConservancy.org_parksconservancy,9/27/2025 22:01,rfielding@ParksConservancy.org_parksconservancy,-122.4988233,37.82855667
453,6ad3725a-7303-4461-be82-38a7474af5f6,9/26/2025 19:00,13,14,74,<15,"Haze,Fog",5.9,32.2,13-17,W,"HT,NY",8,Friday,1,"Bolaughlin, jdavis",57,,60,,"13:01:23 BWHA, 13:16:1 MERL, 13:22:1 NOHA, 13:29:1 OSPR, 13:30:1 OSPR, 13:36:1 RSHA, 13:41:1 AMKE, 13:42:1 NOHA, 13:51:1 GOEA, 13:53:1 RSHA, ",,9/28/2025 22:30,rfielding@ParksConservancy.org_parksconservancy,9/28/2025 22:30,rfielding@ParksConservancy.org_parksconservancy,-122.4987783,37.82854167
454,6cc872a8-9025-4f05-b74b-e5162fe4bffb,9/26/2025 19:00,10,11,70.5,<15,Haze,5.7,10.4,7-Mar,Var,"HT,NY",6,Friday,1,,52,2,60,,"10:02:21 BWHA, 10:16:1 WTKI, 10:29:1 PEFA, 10:29:1 RSHA, 10:30:1 RSHA, 10:30:1 RSHA, 10:33:1 RSHA, 10:41:1 MERL, 10:45:1 OSPR, ",,9/28/2025 22:36,rfielding@ParksConservancy.org_parksconservancy,9/28/2025 22:36,rfielding@ParksConservancy.org_parksconservancy,-122.4988817,37.82846833
455,b9ba6aa3-f364-41c8-ad41-b6ae3315f225,9/29/2025 19:00,10,11,66,76-100,Fog,8,20,7-Mar,W,"KG,JAmbrosini",8,Monday,2,,28,,45,,"10:47:1 NOHA, 11:00:1 BWHA, ",,9/29/2025 18:00,rfielding@ParksConservancy.org_parksconservancy,9/29/2025 18:00,rfielding@ParksConservancy.org_parksconservancy,-122.498875,37.82845333
456,8b70c0e2-588c-4d72-b8cb-8e3399424070,9/29/2025 19:00,11,12,63,76-100,Fog,8,20,12-Aug,W,"KG,JAmbrosini",8,Monday,2,,13,,60,,"11:05:1 BWHA, 11:06:1 PEFA, ",,9/29/2025 19:00,rfielding@ParksConservancy.org_parksconservancy,9/29/2025 19:00,rfielding@ParksConservancy.org_parksconservancy,-122.4988317,37.82849167
457,9f2d5935-ba7c-4553-b9d7-9883f128747f,9/29/2025 19:00,12,13,62,76-100,Fog,0.1,5,7-Mar,W,"KG,JAmbrosini",8,Monday,2,,3,,30,,,,9/29/2025 19:33,rfielding@ParksConservancy.org_parksconservancy,9/29/2025 19:33,rfielding@ParksConservancy.org_parksconservancy,-122.498845,37.82849167
458,81c97b1a-bf99-4b9c-ba46-be6dff0c1bc9,11/18/2025 20:00,10,11,54,<15,,66,66,13-17,E,"MK,AB",7,Tuesday,1, DennisD,16,,60,,"10:58:1 OSPR, 11:00:1 MERL, ",,11/18/2025 19:02,gsteck@parksconservancy.org_parksconservancy,11/18/2025 19:02,gsteck@parksconservancy.org_parksconservancy,0,0
459,cdedfca2-8e08-483c-8225-9cdf33d757ee,11/18/2025 20:00,11,12,62,<15,,33,66,7-Mar,NE,"MK,AB",9,Tuesday,1,John D AF Dennis D,28,,60,Remove undetermined RSHA - done - rf,"11:16:1 RSHA, 11:17:1 NOHA, 11:20:1 NOHA, 11:38:1 RSHA, 11:40:1 RSHA, 11:44:1 NOHA, ",,11/18/2025 20:01,gsteck@parksconservancy.org_parksconservancy,11/18/2025 20:01,gsteck@parksconservancy.org_parksconservancy,0,0
460,0ccabb7c-924a-4d45-b2a6-7f16035563d0,11/18/2025 20:00,12,13,64.5,51-75,,33,66,7-Mar,NW,"MK,AB",12,Tuesday,1,af horacio m step w.  Jd wing n,36,,60,,"12:06:1 AMKE, 12:15:1 AMKE, 12:23:1 PEFA, 12:25:1 MERL, 12:50:1 AMKE, ",,11/18/2025 21:01,gsteck@parksconservancy.org_parksconservancy,11/18/2025 21:01,gsteck@parksconservancy.org_parksconservancy,0,0
461,ab6dbc04-286c-4581-b843-516461249de2,11/18/2025 20:00,13,14,59.1,16-50,,33,66,7-Mar,W,"MK,AB",12,Tuesday,1,"Jd, SW Wing Dennis D Horacio",28,,60,,"13:15:2 AMKE, 13:29:1 NOHA, 13:52:1 AMKE, ",,11/18/2025 22:01,gsteck@parksconservancy.org_parksconservancy,11/18/2025 22:01,gsteck@parksconservancy.org_parksconservancy,0,0
462,b8d80776-dadc-409a-842e-105f090860c7,11/18/2025 20:00,14,15,56.5,51-75,,25,66,7-Mar,NW,"AB,MK",10,Tuesday,1,Winb stepdennis d. HoracIo,19,,60,,"14:06:1 AMKE, 14:06:1 MERL, 14:29:1 AMKE, 14:45:1 AMKE, 14:50:1 MERL, 14:53:1 MERL, ",,11/18/2025 23:01,gsteck@parksconservancy.org_parksconservancy,11/18/2025 23:01,gsteck@parksconservancy.org_parksconservancy,0,0
463,f59a0610-1cc2-4b44-89ad-b867fca49b98,11/19/2025 20:00,10,11,61.8,51-75,,5.7,32.2,<1,Var,JD,6,Wednesday,1,Bolaughlin,13,9,60,,"10:23:1 OSPR, 10:51:1 NOHA, ",,11/19/2025 19:02,rfielding@ParksConservancy.org_parksconservancy,11/19/2025 19:02,rfielding@ParksConservancy.org_parksconservancy,-122.5155778,37.8314322
464,0a786ca4-04f8-42e8-8e6a-c0859d6d651e,11/19/2025 20:00,11,12,56,16-50,,5,32.2,7-Mar,W,"JD,JAltemus",7,Wednesday,1,,20,16,60,,"11:06:1 NOHA, 11:19:1 PEFA, 11:21:1 PEFA, ",,11/19/2025 23:29,rfielding@ParksConservancy.org_parksconservancy,11/19/2025 23:29,rfielding@ParksConservancy.org_parksconservancy,-122.4783899,37.8210616
465,e7bd01ef-5d5a-45cd-a20d-b87ed7ea5c3e,11/19/2025 20:00,12,13,50.5,76-100,Drizzle/Rain,5.6,32.2,12-Aug,SW,"JD,JAltemus",7,Wednesday,1,,9,15,60,,"12:55:1 NOHA, 13:01:1 NOHA, ",,11/19/2025 23:29,rfielding@ParksConservancy.org_parksconservancy,11/19/2025 23:29,rfielding@ParksConservancy.org_parksconservancy,-122.4440697,37.8012847
466,90c4cd00-b36a-4a0c-9fc9-3a1c4f7aa1a3,11/19/2025 20:00,13,14,54.5,76-100,Fog,5.6,32.2,12-Aug,SW,"JAltemus,JD",7,Wednesday,1,,15,18,60,,"13:05:1 AMKE, 13:39:1 PEFA, ",,11/19/2025 23:29,rfielding@ParksConservancy.org_parksconservancy,11/19/2025 23:29,rfielding@ParksConservancy.org_parksconservancy,-122.4808662,37.8173232
467,bce5d954-1bf3-4c18-8128-285db8f1a64d,11/19/2025 20:00,14,15,54.1,76-100,Fog,5.6,32.2,7-Mar,W,"JD,JAltemus",7,Wednesday,1,,2,11,60,,"14:33:1 OSPR, ",,11/19/2025 23:29,rfielding@ParksConservancy.org_parksconservancy,11/19/2025 23:29,rfielding@ParksConservancy.org_parksconservancy,-122.4794512,37.8216268
468,f623ef8f-d021-472b-904f-9e089167fca6,11/20/2025 20:00,10,11,55,76-100,Fog,0.8,4.2,7-Mar,NW,LS,4,Thursday,1,,15,5,60,,"10:02:1 AMKE, ",,11/20/2025 19:01,gsteck@parksconservancy.org_parksconservancy,11/20/2025 19:01,gsteck@parksconservancy.org_parksconservancy,0,0
469,e8cb7456-bea1-41e0-ae17-0a57e8fe8139,11/20/2025 20:00,11,12,61.7,76-100,,8.5,33,7-Mar,W,LS,4,Thursday,1,,21,29,60,,"11:06:1 PEFA, 11:43:1 RSHA, ",,11/20/2025 20:01,gsteck@parksconservancy.org_parksconservancy,11/20/2025 20:01,gsteck@parksconservancy.org_parksconservancy,0,0
470,87032930-91f5-4a81-9814-ce1fa3c4c6c7,11/20/2025 20:00,12,13,59.5,76-100,,33,33,7-Mar,NW,LS,5,Thursday,1,DPECK,14,30,60,,"12:20:1 NOHA, 12:41:1 AMKE, ",,11/20/2025 20:59,gsteck@parksconservancy.org_parksconservancy,11/20/2025 20:59,gsteck@parksconservancy.org_parksconservancy,0,0
471,84c8225d-aec7-4f88-b0ec-5942b21bc45b,11/20/2025 20:00,13,14,58,76-100,,33,33,7-Mar,N,LS,5,Thursday,1,DPECK,6,7,60,,,,11/20/2025 22:01,gsteck@parksconservancy.org_parksconservancy,11/20/2025 22:01,gsteck@parksconservancy.org_parksconservancy,0,0
472,c2df0ee8-1812-4f2a-bbc1-a5692746163f,11/20/2025 20:00,14,15,56,76-100,,33,33,3-Jan,N,LS,5,Thursday,1,DPECK,8,9,60,,"14:16:1 AMKE, 14:44:1 AMKE, ",,11/20/2025 22:59,gsteck@parksconservancy.org_parksconservancy,11/20/2025 22:59,gsteck@parksconservancy.org_parksconservancy,0,0
473,4de5fff1-c3bf-4aae-affe-2a8ea4f138b0,11/21/2025 20:00,10,11,57.2,<15,,10.1,32.2,3-Jan,W,"NY,HT",5,Friday,1,,16,16,60,,"10:07:1 AMKE, 10:13:1 NOHA, 10:53:1 AMKE, 10:59:1 NOHA, ",,11/21/2025 20:01,rfielding@ParksConservancy.org_parksconservancy,11/21/2025 20:01,rfielding@ParksConservancy.org_parksconservancy,-122.5155893,37.8314177
474,27eeb53a-75c0-4137-be07-fbb0338b3fd5,11/21/2025 20:00,11,12,55.3,<15,,10.1,32.261,7-Mar,W,"NY,HT",6,Friday,1,Jdavis,20,15,60,,"11:24:1 NOHA, 11:24:1 NOHA, 11:55:1 BAEA, ",,11/21/2025 20:01,rfielding@ParksConservancy.org_parksconservancy,11/21/2025 20:01,rfielding@ParksConservancy.org_parksconservancy,-122.4989059,37.7995613
475,73d0a340-a78c-4a61-8bb7-11d7ffaa4697,11/21/2025 20:00,12,13,55.5,<15,,5.7,32.2,12-Aug,W,"NY,HT",6,Friday,1,Jdavis,36,27,60,,"12:08:1 NOHA, 12:28:1 PEFA, 12:47:1 AMKE, 12:48:1 NOHA, 12:52:1 MERL, 12:58:2 RSHA, ",,11/21/2025 21:01,rfielding@ParksConservancy.org_parksconservancy,11/21/2025 21:01,rfielding@ParksConservancy.org_parksconservancy,-122.5303794,37.9034016
476,19fef823-4caa-4831-8499-d922dd16123b,11/21/2025 20:00,13,14,57.8,<15,,5.6,32.2,7-Mar,W,"NY,HT",7,Friday,1,,46,0,60,,"13:03:1 MERL, 13:09:1 NOHA, ",,11/21/2025 22:00,rfielding@ParksConservancy.org_parksconservancy,11/21/2025 22:00,rfielding@ParksConservancy.org_parksconservancy,-122.5317938,37.8922704
477,81e7da77-30d3-4be7-9580-e8f67055fda1,11/21/2025 20:00,14,15,60.1,<15,,5.7,32.2,3-Jan,W,"HT,NY",6,Friday,1,,25,12,60,,"14:09:1 AMKE, 14:31:1 AMKE, 14:37:1 AMKE, ",,11/21/2025 23:00,rfielding@ParksConservancy.org_parksconservancy,11/21/2025 23:00,rfielding@ParksConservancy.org_parksconservancy,-122.48122,37.818999
478,321ca605-b1b1-441f-9c5a-f641e0520ed6,11/22/2025 20:00,10,11,58.2,<15,"Haze,Fog",7,32.2,<1,N,"MM,MH",6,Saturday,1,,30,52,60,,"11:01:1 NOHA, ",,11/22/2025 19:03,rfielding@ParksConservancy.org_parksconservancy,11/22/2025 19:03,rfielding@ParksConservancy.org_parksconservancy,-122.5155893,37.8314177
479,fa9b48d9-a6c6-454b-b1e2-46fa26d6d17f,11/22/2025 20:00,11,12,65.6,<15,Haze,10,32,3-Jan,S,"MM,MH",6,Saturday,1,"CDeLeon, HThomas",41,54,60,,"11:23:1 RSHA, 11:27:1 AMKE, 11:27:1 AMKE, 11:39:1 NOHA, 11:39:1 AMKE, 11:41:1 NOHA, ",,11/22/2025 21:04,rfielding@ParksConservancy.org_parksconservancy,11/22/2025 21:04,rfielding@ParksConservancy.org_parksconservancy,-122.4783899,37.8210616
480,05d091ae-26e0-4349-82f7-68ab1976544d,11/22/2025 20:00,12,13,65.1,<15,Haze,10,,<1,NW,"MM,MH",6,Saturday,1,CDELEON HTHOMAS,43,47,60,,"12:06:1 MERL, 12:16:1 BAEA, 12:25:1 AMKE, 12:40:1 MERL, 12:58:1 AMKE, ",,11/22/2025 21:04,rfielding@ParksConservancy.org_parksconservancy,11/22/2025 21:04,rfielding@ParksConservancy.org_parksconservancy,-122.4440697,37.8012847
481,94da076f-a41f-4bb3-a20d-69c3f9142091,11/22/2025 20:00,13,14,62.7,<15,"Haze,Fog",3,40,7-Mar,W,"MM,MH",6,Saturday,1,Cdeleon hthomas,44,43,60,,,,11/22/2025 22:02,rfielding@ParksConservancy.org_parksconservancy,11/22/2025 22:02,rfielding@ParksConservancy.org_parksconservancy,-122.5218931,37.9027574
482,e5936bd6-2ac8-4a79-949b-83c7b8c43100,11/22/2025 20:00,14,15,60.5,16-50,"Fog,Haze",0.25,40,12-Aug,W,"MM,MH",6,Saturday,1,Cdeleon hthomas,17,18,41,,"14:20:1 AMKE, 14:35:1 RSHA, ",,11/22/2025 22:42,rfielding@ParksConservancy.org_parksconservancy,11/22/2025 22:42,rfielding@ParksConservancy.org_parksconservancy,-122.5236612,37.9039932
483,99b1fa1e-54b7-44ea-8f4a-d95055651279,11/23/2025 20:00,10,11,60,76-100,Fog,6,10,7-Mar,E,SH,6,Sunday,1,,10,43,60,,,,11/23/2025 19:00,rfielding@ParksConservancy.org_parksconservancy,11/23/2025 19:00,rfielding@ParksConservancy.org_parksconservancy,-122.4851386,37.7836972
486,48217e91-9c6e-47e6-b15f-2c76ce50149c,11/23/2025 20:00,11,12,63,76-100,Fog,6,10,3-Jan,E,SH,6,Sunday,1,,24,25,60,,"11:53:1 NOHA, ",,11/23/2025 20:01,rfielding@ParksConservancy.org_parksconservancy,11/23/2025 20:01,rfielding@ParksConservancy.org_parksconservancy,-122.5317938,37.8922704
487,4c1d06d8-bfc2-4281-bc6d-8f7fce3b1c8c,11/23/2025 20:00,12,13,64,76-100,Fog,6,10,3-Jan,N,SH,6,Sunday,1,,13,53,60,,"12:29:2 PEFA, 12:31:1 PEFA, 12:46:1 PEFA, 12:56:1 NOHA, ",,11/23/2025 21:02,rfielding@ParksConservancy.org_parksconservancy,11/23/2025 21:02,rfielding@ParksConservancy.org_parksconservancy,-122.2662749,37.867758
488,29dcd785-4967-44ae-988d-06400565e55a,11/23/2025 20:00,13,14,62,16-50,Fog,6,10,7-Mar,W,SH,6,Sunday,1,,28,31,60,,"13:20:1 BAEA, 13:20:1 AMKE, 13:52:1 NOHA, ",,11/23/2025 22:03,rfielding@ParksConservancy.org_parksconservancy,11/23/2025 22:03,rfielding@ParksConservancy.org_parksconservancy,-122.4854649,37.7810907
489,7a8dace5-b494-4ada-b9b9-a4647ffeebdb,11/23/2025 20:00,14,15,63,16-50,Fog,10,10,7-Mar,S,SH,6,Sunday,1,,21,45,60,,"14:13:1 NOHA, 14:35:1 AMKE, 14:36:1 AMKE, 14:42:1 AMKE, ",,11/23/2025 23:00,rfielding@ParksConservancy.org_parksconservancy,11/23/2025 23:00,rfielding@ParksConservancy.org_parksconservancy,-122.4440697,37.8012847
490,4ac22b50-71cf-401f-8174-f327821d3234,11/24/2025 20:00,10,11,59,76-100,Fog,0.2,2,13-17,N,JAmbrosini,6,Monday,2,TSTROHNE,10,12,45,,"11:00:2 PEFA, ",,11/24/2025 19:00,rfielding@ParksConservancy.org_parksconservancy,11/24/2025 19:00,rfielding@ParksConservancy.org_parksconservancy,-122.48122,37.818999
491,c231902e-c374-4ee1-9d02-96fe198d1756,11/24/2025 20:00,11,12,55,16-50,Fog,2,5,12-Aug,N,JAmbrosini,6,Monday,2,TSTROHNE,15,29,60,,,,11/24/2025 20:01,rfielding@ParksConservancy.org_parksconservancy,11/24/2025 20:01,rfielding@ParksConservancy.org_parksconservancy,-122.4649463,37.7844378
492,e79d9cdb-b865-4c5a-a413-e008f0215908,11/24/2025 20:00,12,13,55,<15,Fog,5,10,7-Mar,N,JAmbrosini,6,Monday,2,TSTROHNE,34,23,60,,"12:16:1 AMKE, 12:28:1 AMKE, 12:40:1 MERL, 12:55:1 AMKE, ",,11/24/2025 21:00,rfielding@ParksConservancy.org_parksconservancy,11/24/2025 21:00,rfielding@ParksConservancy.org_parksconservancy,-122.5317938,37.8922704
493,4571bdd6-79bb-404e-b976-3f09da21d7d9,11/24/2025 20:00,13,14,57,<15,Haze,10,32,7-Mar,N,JAmbrosini,5,Monday,2,TSTROHNE,37,22,60,,"13:22:1 NOHA, 13:28:1 AMKE, 13:34:1 AMKE, 13:35:1 AMKE, ",,11/24/2025 22:01,rfielding@ParksConservancy.org_parksconservancy,11/24/2025 22:01,rfielding@ParksConservancy.org_parksconservancy,-122.4783899,37.8210616
494,d9a7b50a-2921-4d87-add0-7939218cf54b,11/24/2025 20:00,14,15,59,<15,Haze,10,32,7-Mar,N,JAmbrosini,5,Monday,2,TSTROHNE,34,21,60,,"14:47:2 AMKE, ",,11/24/2025 23:01,rfielding@ParksConservancy.org_parksconservancy,11/24/2025 23:01,rfielding@ParksConservancy.org_parksconservancy,-122.5317938,37.8922704
495,a831b164-4a0a-4e4f-b6a2-03624cdf09f8,11/25/2025 20:00,10,11,56,76-100,Fog,0.2,2,12-Aug,NW,"WW,HM",7,Tuesday,2,HTHOMAS,6,11,60,,"10:36:1 PEFA, 10:50:2 PEFA, ",,11/25/2025 19:01,rfielding@ParksConservancy.org_parksconservancy,11/25/2025 19:01,rfielding@ParksConservancy.org_parksconservancy,-122.4854649,37.7810907
496,b987aeca-7352-46dc-ae7e-728a2ef17c4a,11/25/2025 20:00,11,12,55,76-100,Fog,2,5,7-Mar,NW,"WW,HM",8,Tuesday,2,"HTHOMAS, JDAVIS",8,14,60,,"11:18:1 AMKE, 11:19:1 NOHA, ",,11/25/2025 20:00,rfielding@ParksConservancy.org_parksconservancy,11/25/2025 20:00,rfielding@ParksConservancy.org_parksconservancy,-122.4826181,37.7812325
497,5d6fe4b6-2ec5-441b-9308-f18fbb76c693,11/25/2025 20:00,12,13,57,76-100,Fog,2,10,18-24,N,"WW,HM",8,Tuesday,2,"HTHOMAS, JDAVIS",18,15,60,,"12:27:1 NOHA, 12:38:1 AMKE, ",,11/25/2025 21:01,rfielding@ParksConservancy.org_parksconservancy,11/25/2025 21:01,rfielding@ParksConservancy.org_parksconservancy,-122.4398232,37.8005085
498,c2223d8d-a029-4ad4-817f-cbb534180f80,11/25/2025 20:00,13,14,57,16-50,Haze,2,10,12-Aug,N,"WW,HM",8,Tuesday,2,"John D, Holly",25,22,60,,"13:04:1 AMKE, 13:11:1 AMKE, 13:18:1 NOHA, 13:18:1 AMKE, 13:36:1 AMKE, ",,11/25/2025 22:00,rfielding@ParksConservancy.org_parksconservancy,11/25/2025 22:00,rfielding@ParksConservancy.org_parksconservancy,-122.4783899,37.8210616
499,d805a82b-a092-4d3f-9dcc-f8e7c123d78e,11/25/2025 20:00,14,15,55,<15,Haze,2,32,12-Aug,NE,"WW,HM",7,Tuesday,2,HTHOMAS,17,19,60,,"14:05:1 RSHA, 14:52:1 AMKE, ",,11/25/2025 23:00,rfielding@ParksConservancy.org_parksconservancy,11/25/2025 23:00,rfielding@ParksConservancy.org_parksconservancy,-122.479805,37.7667614
500,16a51f99-f751-466d-ad20-7f2319fe7369,11/26/2025 20:00,10,11,49,<15,Haze,10,32,12-Aug,NW,"DB,JD",9,Wednesday,2,,23,6,60,,"10:05:1 AMKE, 10:54:1 AMKE, ",,11/26/2025 19:01,rfielding@ParksConservancy.org_parksconservancy,11/26/2025 19:01,rfielding@ParksConservancy.org_parksconservancy,-122.5155888,37.8314223
501,0e738fd5-25ae-4777-b248-41f95d013b5e,11/26/2025 20:00,11,12,51,<15,Haze,10,32,18-24,N,"JD,DB",9,Wednesday,2,,25,46,60,,"11:14:1 AMKE, 11:14:1 AMKE, 11:40:2 RLHA, 11:56:1 AMKE, 12:00:1 AMKE, ",,11/26/2025 20:01,rfielding@ParksConservancy.org_parksconservancy,11/26/2025 20:01,rfielding@ParksConservancy.org_parksconservancy,-122.2538677,37.865598
502,dd8e5881-ba02-40fe-91d9-11ec8a28f0d3,11/26/2025 20:00,12,13,52,<15,Haze,10,32,13-17,N,"DB,JD",10,Wednesday,2,WNG,31,34,60,,"12:10:2 PEFA, 12:43:1 FEHA, 12:53:1 AMKE, ",,11/26/2025 21:01,rfielding@ParksConservancy.org_parksconservancy,11/26/2025 21:01,rfielding@ParksConservancy.org_parksconservancy,-122.2662749,37.867758
503,d452c6e4-3426-46b4-97cd-88fdd6032fad,11/26/2025 20:00,13,14,54,<15,Haze,10,32,13-17,N,"DB,JD",10,Wednesday,2,WNG,23,49,60,,"13:37:1 AMKE, 13:37:1 MERL, 14:00:1 PEFA, ",,11/26/2025 22:01,rfielding@ParksConservancy.org_parksconservancy,11/26/2025 22:01,rfielding@ParksConservancy.org_parksconservancy,-122.4440697,37.8012847
504,58999115-3e5b-4643-87bf-c084d0a8b729,11/26/2025 20:00,14,15,54,<15,Haze,10,32,13-17,N,"JD,DB",10,Wednesday,2,WNG,18,29,60,,"14:02:1 PEFA, 14:16:1 AMKE, 14:42:1 AMKE, 14:52:1 AMKE, ",,11/26/2025 23:01,rfielding@ParksConservancy.org_parksconservancy,11/26/2025 23:01,rfielding@ParksConservancy.org_parksconservancy,-122.5317938,37.8922704
505,a218ad82-e858-4cc7-bfd0-e14072e9ecef,11/27/2025 20:00,9,10,45.7,76-100,Fog,0.1,0.9,18-24,N,CE,8,Thursday,2,BCONTAXISTUCKER JDAVIS,3,4,15,,,,11/27/2025 18:01,gsteck@parksconservancy.org_parksconservancy,11/27/2025 18:01,gsteck@parksconservancy.org_parksconservancy,0,0
506,ae5c75ba-920b-49d7-ad3b-c716402a3273,11/27/2025 20:00,10,11,46.9,76-100,Fog,0.1,0.8,13-17,N,CE,8,Thursday,2,BCONTAXISTUCKER JDAVIS,12,37,60,,"10:25:1 AMKE, ",,11/27/2025 19:00,gsteck@parksconservancy.org_parksconservancy,11/27/2025 19:00,gsteck@parksconservancy.org_parksconservancy,0,0
507,7289408d-46d8-427a-a0da-d4f5718ad482,11/27/2025 20:00,11,12,46.6,76-100,Fog,0.9,3.5,13-17,N,CE,8,Thursday,2,BCONTAXISTUCKER JDAVIS,4,12,30,,,,11/27/2025 19:28,gsteck@parksconservancy.org_parksconservancy,11/27/2025 19:28,gsteck@parksconservancy.org_parksconservancy,0,0
508,c42c076e-b35b-47fb-ac41-bda956dd31a5,11/28/2025 20:00,10,11,53,76-100,"Fog,Haze",0,0.1,7-Mar,NW,"LR,NY",6,Friday,2,,1,3,60,,"10:13:1 NOHA, ",,11/28/2025 19:09,rfielding@ParksConservancy.org_parksconservancy,11/28/2025 19:09,rfielding@ParksConservancy.org_parksconservancy,-122.479805,37.7673568
509,0048a7a0-ab25-4aec-9fbe-95113c93b084,11/28/2025 20:00,13,14,48.8,51-75,"Fog,Haze",0,2,12-Aug,W,"NY,LR",5,Friday,2,,11,10,60,,"13:17:1 AMKE, 13:34:1 AMKE, ",,11/28/2025 22:02,rfielding@ParksConservancy.org_parksconservancy,11/28/2025 22:02,rfielding@ParksConservancy.org_parksconservancy,-122.4783899,37.8207641
510,46704a77-1cc4-46d2-b174-25464fa9799f,11/28/2025 20:00,14,15,50,16-50,"Fog,Haze",1.1,8.5,7-Mar,W,"NY,LR",5,Friday,,,12,30,60,,"14:04:1 NOHA, 14:27:1 AMKE, ",,11/28/2025 23:00,rfielding@ParksConservancy.org_parksconservancy,11/28/2025 23:00,rfielding@ParksConservancy.org_parksconservancy,-122.425468,37.7993607
511,a10bd9f4-7239-43fc-ab33-995a304b92af,11/29/2025 20:00,10,11,50.8,76-100,"Fog,Haze",0.1,2.6,7-Mar,W,BO,,Saturday,2,DPECK,11,18,60,,"10:13:1 PEFA, 11:01:1 MERL, ",,11/29/2025 19:03,rfielding@ParksConservancy.org_parksconservancy,11/29/2025 19:03,rfielding@ParksConservancy.org_parksconservancy,-122.4805125,37.8171348
512,546c5f85-199e-4c2e-863f-7615206182ee,11/29/2025 20:00,11,12,50.3,51-75,"Fog,Haze",0.1,2,18-24,NE,BO,7,Saturday,2,"DPECK, JDAVIS",7,52,60,,"11:19:1 NOHA, 11:32:1 AMKE, 11:48:1 AMKE, ",,11/29/2025 20:00,rfielding@ParksConservancy.org_parksconservancy,11/29/2025 20:00,rfielding@ParksConservancy.org_parksconservancy,-122.494562,37.7616335
513,a7f523e4-a807-4a87-990f-f145655f75c1,11/29/2025 20:00,12,13,56.9,<15,"Fog,Haze",0.1,4.2,13-17,NE,BO,7,Saturday,2,"JDAVIS, DPECK, SHONTALAS",11,64,60,,"12:30:1 AMKE, ",,11/29/2025 21:09,rfielding@ParksConservancy.org_parksconservancy,11/29/2025 21:09,rfielding@ParksConservancy.org_parksconservancy,-122.2662749,37.867758
514,c618ee17-93e0-45a7-9ee8-375ab211693a,11/29/2025 20:00,13,14,49,<15,Haze,0.1,8.5,18-24,NE,BO,7,Saturday,2,"JDAVIS, DPECK, SHONTALAS",7,68,60,,"13:12:1 AMKE, 13:48:1 AMKE, 13:51:1 AMKE, ",,11/29/2025 22:02,rfielding@ParksConservancy.org_parksconservancy,11/29/2025 22:02,rfielding@ParksConservancy.org_parksconservancy,-122.479805,37.7667614
515,1ef03e41-4492-4142-adc3-450875937f09,11/30/2025 20:00,10,11,55,76-100,Fog,0.2,1,12-Aug,N,MK,7,Sunday,2,"SWONG, AWRIGHT",3,5,30,,"10:31:1 NOHA, ",,11/30/2025 19:00,rfielding@ParksConservancy.org_parksconservancy,11/30/2025 19:00,rfielding@ParksConservancy.org_parksconservancy,-122.491513,37.8487117
516,891907fc-737c-4a4e-86c8-6f0919922a0d,11/30/2025 20:00,13,14,49,51-75,Fog,2,5,13-17,N,MK,8,Sunday,2,"SROCK, NBRINK, LARELLANO, AFISH, HMENA, CDELEON",5,,30,,"13:40:1 AMKE, 13:40:1 NOHA, ",,11/30/2025 22:00,rfielding@ParksConservancy.org_parksconservancy,11/30/2025 22:00,rfielding@ParksConservancy.org_parksconservancy,-122.4783899,37.8207641
517,b696e7d8-ad94-4224-88bd-1a16bac7ae05,11/30/2025 20:00,14,15,45,51-75,Fog,5,5,18-24,N,MK,7,Sunday,2,"SROCK, NBRINK, AFISH, CDELEON, LARELLANO",2,31,60,,"14:16:1 NOHA, 14:46:1 NOHA, ",,11/30/2025 23:00,rfielding@ParksConservancy.org_parksconservancy,11/30/2025 23:00,rfielding@ParksConservancy.org_parksconservancy,-122.4783899,37.8207641
